cluster,number of voxels,number of voxels (%),structure 773,structure 136,structure 970,structure 939,structure 1098,structure 235,structure 143,structure 978,structure 1107,structure 852,structure 661,structure 307,structure 1048
0,562,38.36177474402731,35,208,12,4,57,1,3,28,73,91,0,18,32
1,461,31.46757679180887,3,62,0,2,0,0,3,30,37,67,56,56,145
2,164,11.194539249146757,10,10,13,0,0,0,1,57,5,10,30,16,12
3,278,18.976109215017065,0,71,5,0,0,0,0,0,11,28,12,0,151
