cluster,number of voxels,number of voxels (%),structure 773,structure 136,structure 1098,structure 970,structure 939,structure 235,structure 143,structure 978,structure 1107,structure 852,structure 661,structure 307,structure 1048
0,225,15.358361774744028,16,52,35,0,2,1,2,13,41,15,0,4,44
1,464,31.67235494880546,15,138,12,2,2,0,3,34,51,87,35,7,78
2,104,7.098976109215018,0,40,0,0,2,0,0,6,2,24,23,0,7
3,672,45.870307167235495,17,121,10,28,0,0,2,62,32,70,40,79,211
