cluster,number of voxels,number of voxels (%),structure 773,structure 136,structure 970,structure 1098,structure 939,structure 235,structure 143,structure 978,structure 1107,structure 852,structure 661,structure 307,structure 1048
0,225,15.358361774744028,16,52,0,35,2,1,2,13,41,15,0,4,44
1,385,26.27986348122867,19,98,1,16,0,0,3,28,31,73,22,19,75
2,60,4.09556313993174,0,26,0,0,1,0,0,5,2,13,9,0,4
3,526,35.90443686006826,10,90,28,1,0,0,0,56,15,43,32,66,185
4,227,15.494880546075084,3,71,1,5,2,0,2,12,37,42,22,1,29
5,42,2.8668941979522184,0,14,0,0,1,0,0,1,0,10,13,0,3
