cluster,number of voxels,number of voxels (%),structure 773,structure 136,structure 1098,structure 970,structure 939,structure 235,structure 143,structure 978,structure 1107,structure 852,structure 661,structure 307,structure 1048
0,225,15.358361774744028,16,52,35,0,2,1,2,13,41,15,0,4,44
1,258,17.610921501706482,13,68,8,1,0,0,2,21,14,49,16,10,56
2,23,1.5699658703071673,0,6,0,0,0,0,0,1,0,9,5,0,2
3,85,5.802047781569966,0,32,0,1,0,0,1,7,21,12,4,0,7
4,366,24.982935153583618,3,56,0,22,0,0,0,42,2,17,26,57,141
5,183,12.491467576791809,3,59,5,0,2,0,1,11,18,38,19,1,26
6,42,2.8668941979522184,0,16,0,0,2,0,0,0,0,6,16,0,2
7,283,19.31740614334471,13,62,9,6,0,0,1,20,30,50,12,18,62
