cluster,number of voxels,number of voxels (%),structure 773,structure 136,structure 1098,structure 970,structure 939,structure 235,structure 143,structure 978,structure 1107,structure 852,structure 661,structure 307,structure 1048
0,431,29.419795221843003,2,95,22,5,1,0,4,42,34,57,35,51,83
1,143,9.761092150170649,0,42,0,5,0,0,0,3,3,20,8,0,62
2,9,0.614334470989761,5,0,0,4,0,0,0,0,0,0,0,0,0
3,201,13.72013651877133,17,69,5,4,3,0,3,25,17,26,0,8,24
4,277,18.907849829351537,0,47,3,3,0,0,0,8,6,40,48,6,116
5,6,0.40955631399317405,5,0,0,1,0,0,0,0,0,0,0,0,0
6,51,3.48122866894198,10,15,3,6,0,1,0,5,1,3,0,0,7
7,347,23.686006825938566,9,83,24,2,2,0,0,32,65,50,7,25,48
