cluster,number of voxels,number of voxels (%),structure 136
0,139,39.6011396011396,139
1,47,13.390313390313391,47
2,80,22.79202279202279,80
3,85,24.216524216524217,85
